AI Tool,Website,Description,Date
10Web,https://10web.io/,AI website builder,1/6/2026
3dlogolab,https://3dlogolab.com,AI tool that transforms 2D logos into 3D in one click.,12/30/2025
A0,https://a0.dev,No-code platform to build apps faster than any other tool using natural language.,12/30/2025
Abacus,https://www.abacus.ai,"Abacus AI Deep Agent capable of complex tasks: building apps, writing reports, creating presentations, and agentic automation across systems.",12/30/2025
AIPI-Lite,https://aipi.com,"is a compact, pocket-sized handheld AI companion device—a portable smart gadget with a small screen, microphone, speaker, and real-time voice interaction. It's marketed as an affordable, customizable AI ""robot"" or digital partner that lets you chat, create personas, and access advanced AI models anywhere.",12/30/2025
Airtable,https://www.airtable.com/,From idea to app in an instant. Build withj ait that means business.,12/30/2025
AIXPLORIA,https://aixploria.com,Comprehensive directory listing AI tools organized by category.,12/30/2025
Alai,https://elai.io,AI Vedeo generator for learning and development.,12/30/2025
Altahq,https://www.altahq.com,"Alta (commonly referred to as Alta HQ or Altahq) is an AI-powered revenue intelligence and sales automation platform designed to help sales, marketing, and revenue operations (RevOps) teams scale faster, automate repetitive tasks, and drive business growth. It uses data-driven AI agents (like ""Katie"" the AI SDR for outreach and ""Alex"" the AI calling agent) to handle prospecting, personalized multi-channel outreach (email, LinkedIn), lead qualification, and even AI-powered phone calls that can qualify leads, handle conversations, and directly book appointments/meetings into your calendar.",12/30/2025
Anam,https://www.anam.ai,"A real-time AI persona creation platform that lets users build and deploy interactive, photorealistic digital humans (AI avatars) for human-like conversations. You can choose or customize their face (upload an image for instant creation), voice, personality, language (multilingual support), and behavior—then speak with them instantly via voice, chat, or video. It's designed for seamless integration into apps/websites with a lightweight SDK, no dev team needed for basic setups.",12/30/2025
Anything,https://www.createanything.com/,"Turn your words into mobile apps, sites, tools, and products - built with code. Add GPT-5 and 40+ integrations in an instant.",12/30/2025
Apollo,https://apollo.ai,"Apollo is the all-in-one sales platform powered by AI. Find leads, build pipeline, enrich data, and close more deals — in one place.",1/6/2026
Astra,https://astra-ai.co,"Astra AI is a personalized AI-powered tutor app primarily focused on math, but also supporting subjects like physics, chemistry, English, German, and more (up to 14 subjects in some versions). It's designed to provide 24/7 instant, step-by-step guidance tailored to your individual learning level, helping students understand concepts deeply rather than just giving answers—making learning faster and more efficient.",12/30/2025
Attention,https://www.attention.com/,CRM Sales and marketing tool.,12/30/2025
Audiolab,https://audialab.com,"Audiolab AI most commonly refers to Audiolab (or Audialab), an ethical AI audio tool suite developed specifically for musicians, producers, and artists. Created ""by artists, for artists,"" it focuses on generative audio plugins that enhance creativity without replacing human input—emphasizing tools like drum generation and sampling.",12/30/2025
AutoPilot,https://www.joinautopilot.com,AI tool to track Washington D.C. political trades.,12/30/2025
Bagel,https://bagel.net,"AI that turns scattered feedback from Salesforce, Gong, Zendesk, Slack into actionable insights tied to business impact.",12/30/2025
Base44,https://base44.com,No-code platform to build fully-functional apps in minutes using natural language.,12/30/2025
Blackbox,https://www.blackbox.ai,"From generation to debugging, Blackbox AI helps you build better software in less time.",12/30/2025
Blaze,https://blaze.ai,"World's first AI marketer: plans campaigns, creates/posts content, improves weekly.",12/30/2025
Boot,https://boot.dev,"Coding learning platform with AI that explains why code fails, featuring mascot Boots.",12/30/2025
BuzzCube,https://www.buzzcube.io,"Standard Plan ? $650/month (flat rate) — Covers unlimited graphic design + web development/funnel building. BuzzCube (often referred to as BuzzCube AI in marketing contexts) is a subscription-based unlimited graphic design and web development service that leverages AI tools to enhance efficiency and quality. It's not a standalone AI product but a human-led agency (with dedicated designers, developers, and project managers) that integrates AI for tasks like automating routine work (resizing, layout adjustments, error detection, accessibility checks, and performance optimization).",12/30/2025
Caelus,https://caelus.ai,AI tool for user acquisition: monitors Twitter/Reddit for problem/competitor mentions and auto-replies.,12/30/2025
Caffeine,https://caffeine.ai/,"AI builds on a new open tech stack designed to power apps that are self-writing, which grants them incredible security and resilience, and provides a guarantee that a mistake during a software update cannot cause data loss. AI writes your backend software using Motoko, the first programming language for AI, and runs your apps on the revolutionary Internet Computer network (ICP).",1/8/2026
Camunda,https://camunda.com,"Agentic orchestration platform to model, deploy, and manage AI agents in end-to-end processes.",12/30/2025
CapCut,https://www.capcut.com,AI-enhanced video editing platform to take editing to the next level.,12/30/2025
Chat4Data,https://chat4data.ai,"AI-powered web scraping: extract structured data from websites via chat, no coding.",12/30/2025
ChatGPT,https://chat.openai.com,"Leading 2025 AI chatbot by OpenAI with advanced features, templates, and extensions.",12/30/2025
Chatmind,https://chatmind.tech,AI tool for creating mind maps through chatting.,12/30/2025
ChatSimple,https://chatsimple.ai,AI chatbot that converts website visitors into meetings and qualified sales pipeline.,12/30/2025
Claude,https://claude.ai,"Anthropic's AI model excelling in pair programming, large documents, sales pages.",12/30/2025
Cleanpaste,https://cleanpaste.site,"Tool that instantly hides AI watermarks from generated content.""",12/30/2025
Clickup,https://clickup.com,"Project management with agentic AI personas, transcription, email reading, image generation.",12/30/2025
Coatuhor,https://coauthor.studio/,AI writing and publishing connected to linkedin.,12/30/2025
Coddy,https://coddy.tech,"Coddy (often referred to as Coddy AI due to its heavy AI integration) is an online coding education platform designed to teach programming through gamified, practice-driven lessons. It's frequently described as ""Duolingo for coding"" because of its bite-sized daily challenges, streaks, XP points, badges, leaderboards, and fun, habit-forming approach.",12/30/2025
Copy,https://copy.ai,"First AI-native GTM platform for marketers to plan, generate, and scale on-brand content.",12/30/2025
Coram,https://coram.ai,Complete AI-powered security system.,12/30/2025
Deeplearning,https://www.deeplearning.ai,Andrew Ng's platform to learn building agentic AI.,12/30/2025
DeepSeek,https://deepseek.com,Renaissance Engine: advanced AI model with natural language capabilities.,12/30/2025
Deevid,https://deevid.ai,"DeeVid AI (often stylized as Deevid AI) is a next-generation AI-powered video generation platform that transforms text prompts, static images (including black-and-white photos), or existing videos into high-quality animated videos in seconds. It's designed for creators, marketers, educators, and businesses, making professional video production accessible without editing skills or equipment.",12/30/2025
Delphi,https://delphi.ai,AI platform for creating virtual personas with interaction.,12/30/2025
Descript,https://www.descript.com,"AI co-editor for video: direct edits via text, removes filler words, intuitive tools.",12/30/2025
Designrr,https://designrr.io,"AI tool to create eBooks, transcripts, flipbooks from blogs, podcasts, videos, PDFs.",12/30/2025
Dyte,https://dyte.io,"AI-powered SDK for live audio/video conferencing, streaming, and chat experiences.",12/30/2025
ElevenLabs,https://elevenlabs.io,"Leading AI voice generation for conversational agents, voiceovers, audiobooks.",12/30/2025
Emergent,https://emergent.sh,"Full-stack web/mobile app builder in minutes, no coding, clones websites.",12/30/2025
F2,https://f2.ai,"F2 is the AI platform for private markets, purpose-built for deal teams to streamline diligence, accelerate analysis, and close more deals faster.",1/6/2026
Famous,https://famous.ai,"Turn any sentence into a working app. Not a mockup, an actual app. Its not magic, but it might feel like it. ",1/6/2026
Freename,https://freename.io,Custom domain registrar with AI recommendations and unique extensions.,12/30/2025
Freepik,https://www.freepik.com,AI tools including video generation with music.,12/30/2025
Fyxer,https://fyxer.ai,AI email assistant that organizes inbox and drafts replies in Outlook.,12/30/2025
Galaxy,https://galaxy.ai,"All-in-one AI platform with 3000+ tools for text, image, video, audio ($15/month).",12/30/2025
Gamma,https://gamma.app,AI presentation and website builder: create stunning decks/websites from ideas. Cut and paste a gpt conversation into gamma to build guides.,12/30/2025
Gemini,https://gemini.google.com,Google's AI for deep research and full-stack integration.,12/30/2025
GPT-OSS playground,https://huggingface.co/spaces,Playground for extra open-source models integrated with ChatGPT/Hugging Face.,12/30/2025
GROK,https://grok.com,"xAI's witty, truth-seeking AI by Elon Musk for understanding the universe.",12/30/2025
Guidde,https://www.guidde.com/,"Guidde is the generative AI platform for business that helps your team create video documentation 11x faster. Voice over, captions…",12/30/2025
Gumloop,https://www.gumloop.com,"Drag-and-drop no-code AI workflow builder similar to n8n/Zapier, focused on sales/marketing.",12/30/2025
hailuo,https://hailuoai.com,An AI video generation platform by MiniMax.,12/30/2025
Harness,"AI for DevOps, Testing, AppSec, and Cost Optimization","Harness is a unified, end-to-end AI software delivery platform to manage the SDLC using purpose-built AI agents.",1/6/2026
HeyGen,https://www.heygen.com,"HeyGen AI is a leading generative AI video creation platform that allows users to produce professional-quality videos using hyper-realistic AI avatars, without needing cameras, actors, or complex editing software. It's especially popular for marketing, training, sales outreach, product demos, and personalized content.",12/30/2025
Higgsfield,https://higgsfield.ai,AI video tool: animate objects from photos into videos.,12/30/2025
HighLevel,https://www.gohighlevel.com,All-in-one marketing platform with AI tools for agencies.,12/30/2025
Invideo,https://invideo.io,"Invideo AI turns ideas, scripts, or prompts into full professional videos automatically. Generates scripts, stock footage/clips, voiceover, music, transitions, supports text to video; features ai avatars, no film actors.",12/30/2025
Jasper,https://jasper.ai,"AI marketing platform for teams: content planning, generation, scaling.",12/30/2025
Jobhire,https://jobhire.ai,"Automated job application tool: tailors resumes, applies on behalf of users.",12/30/2025
Jules,https://jules.ai,"AI coding assistant that writes tests, finds bugs, knows GitHub codebase.",12/30/2025
Julius,https://julius.ai,AI data analysis tool turning raw data into interactive dashboards/reports.,12/30/2025
Kling,https://kling.ai,Next-generation AI creative studio by Kuaishou for video generation.,12/30/2025
Kore,https://www.kore.ai,"Enterprise-grade conversational AI agent platform for customer/employee support and workflows.""",12/30/2025
Leonardo,https://leonardo.ai,Top-rated AI art/image generation tool with high customization and speed.,12/30/2025
Lindy,https://www.lindy.ai,AI employee/agent platform for automation and chat assistance.,12/30/2025
Lovable,https://lovable.dev,"An AI-powered full-stack app builder that lets you create web applications using natural language prompts, handling frontend, backend, and deployment.",12/30/2025
Luma Labs,https://lumalabs.ai,AI platform for 3D scanning and generation from images/video.,12/30/2025
Lumana,https://lumana.ai,Enterprise AI video security and surveillance platform with real-time threat detection.,12/30/2025
Lunchbreak,https://www.lunchbreak.ai,"An AI-curated learning and content platform that delivers short, personalized insights and resources to help professionals stay up to date during short breaks.",12/30/2025
Magicloops,https://magicloops.dev,"An AI workflow automation platform for building, running, and monitoring reusable AI-powered task loops.",12/30/2025
Magicslides,https://www.magicslides.app,"An AI presentation generator that creates slide decks from text, documents, or topics in seconds.",12/30/2025
Maildrop,https://maildrop.cc,A free disposable email inbox service used to avoid spam and protect privacy.,12/30/2025
Marblism,https://www.marblism.com,An AI-powered SaaS boilerplate generator that helps developers quickly launch full-stack applications.,12/30/2025
Mindpal,https://www.mindpal.space,A no-code platform for building custom AI agents and automated workflows.,12/30/2025
Monsterapi,https://monsterapi.ai,A platform that provides scalable APIs for running and deploying AI and machine learning models.,12/30/2025
n8n,https://n8n.io,Visual AI workflow creator.,12/30/2025
Nano Banana Pro,https://www.google.com/aclk?sa=L&ai=DChsSEwiP2prww_WRAxVM08IEHZPXC-AYACICCAEQARoCcHY&ae=2&co=1&ase=2&gclid=CjwKCAiA3-3KBhBiEiwA2x7FdBYZ-n2MeU_Sf6bbvoOXeweCK26v-wICyOT16C9C-Rq7o8fSdAMUdhoCEoUQAvD_BwE&ei=MEZcae6JLYyo0PEPnPXjsAI&cid=CAASWuRobTAIri4WnK6_00TqNBOJou4McY8vGeKl3lP40xqpS_rUEBJJ2NzY6cOqUO1VRyTP8M1PhW4rr6AoGi7DeXVBeSxlnfBVu-oxQ9gr8mP98UaIGCCMLGFinQ&cce=2&category=acrcp_v1_71&sig=AOD64_2-cHOQESHQhL7cBTnrUvWBZevo6A&q&sqi=2&nis=4&adurl&ved=2ahUKEwju4ZTww_WRAxUMFDQIHZz6GCYQ0Qx6BAgNEAE,AI model for images. Google is most prevelant.,12/30/2025
Networkai,https://networkai.com,An AI-driven professional networking platform designed to help users build and manage business relationships.,12/30/2025
Notta,https://www.notta.ai,An AI transcription and note-taking tool that converts speech into searchable text in real time.,12/30/2025
Omagic,https://omagic.ai,An AI-powered platform for creating and sharing interactive stories.,12/30/2025
OpenPhone,https://www.openphone.com,"A business phone system built for professionals that offers calling, messaging, and a shared inbox for teams.",12/30/2025
Opus Clip,https://www.opus.pro,An AI-powered video repurposing tool that turns long videos into viral short clips.,12/30/2025
Otter,https://otter.ai,An AI-powered meeting assistant that transcribes and summarizes meetings in real-time or recorded voice.,12/30/2025
Outsystems,Deliver Your Outcomes with AI-Powered Apps | OutSystems,AI-Powered Low-Code to build apps.,12/30/2025
Perplexity,https://www.perplexity.ai,An AI-powered knowledge discovery platform that answers queries using natural language processing.,12/30/2025
Photo Restore AI,https://www.photorestore.io,An AI tool for restoring and enhancing old or damaged photos.,12/30/2025
Pinnokio ai,https://pinokio.computer,An AI-powered browser for installing and running AI models locally with one click.,12/30/2025
Pipio,https://pipio.ai,An AI video platform that turns text into videos with realistic AI avatars.,12/30/2025
Pollo.ai,https://pollo.ai,An AI video generator that creates videos from text prompts with various styles and effects.,12/30/2025
PrePost SEO,https://www.prepostseo.com,"A suite of free online SEO tools including plagiarism checker, paraphrasing tool, and image compressor.",12/30/2025
Pressmaster.ai,https://pressmaster.ai,An AI-powered platform for creating and distributing press releases.,12/30/2025
Prompt-genie.com,https://prompt-genie.com,An AI tool that generates high-quality prompts for ChatGPT and other language models.,12/30/2025
QODO,https://qodo.ai,An AI-powered code review and quality assurance platform.,12/30/2025
Qwen,https://qwen.ai,An open-source large language model series developed by Alibaba Cloud.,12/30/2025
Recraft AI,https://www.recraft.ai,"An AI-powered design tool for creating and editing digital illustrations, vectors, and icons.",12/30/2025
Replit,https://replit.com/ai,Make apps & sites with natural language prompts.,12/30/2025
Reply,https://reply.io,An AI-powered sales engagement platform for automating outreach and managing pipelines.,12/30/2025
Revio,https://www.getrevio.com,An AI-powered sales CRM that turns social media followers into revenue.,12/30/2025
Rewardy,https://rewardy.io,A platform for earning rewards through streaming and viewer engagement.,12/30/2025
Rime,https://www.rime.ai/,Voice AI Models for Customer Experience,1/7/2026
Riverside,https://riverside.fm,An online studio for high-quality podcast and video recording and editing.,12/30/2025
Rocket,https://www.rocket.new,An AI-powered app builder that turns ideas into web and mobile applications.,12/30/2025
Rork.com,https://rork.com,An AI-powered platform for building mobile apps from descriptions using React Native.,12/30/2025
Runnerh,https://runnerh.com,"A platform for runners to track runs, join challenges, and connect with the community.",12/30/2025
runway,https://runwayml.com,An AI research company building tools for creative professionals in video and image generation.,12/30/2025
ryne,https://ryne.ai,An AI-powered platform for creating and managing personalized learning experiences.,12/30/2025
salesfunnels,https://salesfunnels.io,A platform for building and optimizing sales funnels with AI-driven insights.,12/30/2025
seedance,https://seedance.ai,An AI tool for generating dance videos from prompts.,12/30/2025
seemless,https://seamless.ai/,Sales and Marketing Tool,1/6/2026
similarweb.com,https://www.similarweb.com,A digital intelligence platform providing web analytics and competitive insights.,12/30/2025
slang,https://slang.ai,Sales and Marketing Tool,1/6/2026
snowflake,https://www.snowflake.com,"A cloud data platform for data warehousing, data lakes, and data science.",12/30/2025
softr,https://www.softr.io,A no-code platform for building custom apps and portals from data sources like Airtable.,12/30/2025
sola,https://www.sola.ai,An AI-powered platform for automating business processes with intelligent agents.,12/30/2025
speechify,https://speechify.com,An AI-powered text-to-speech platform for listening to documents and books.,12/30/2025
submagic,https://www.submagic.co,An AI tool for generating captions and enhancing short-form video content.,12/30/2025
sunoai,https://suno.com,An AI-powered platform for generating original music from text prompts.,12/30/2025
syllabi,https://www.syllaby.io,An AI-powered tool for generating content calendars and video scripts.,12/30/2025
Synthesia,https://www.synthesia.io,An AI video creation platform for generating videos with AI avatars.,12/30/2025
Teachable,https://www.teachable.com,An online course creation and selling platform for creators.,12/30/2025
Textblaze,https://blaze.today,A productivity tool for creating text snippets and templates to automate repetitive typing.,12/30/2025
Twaingpt,https://www.twaingpt.com,"TwainGPT (often searched or typed as Twaingpt) is an AI-powered text humanizer tool designed to transform AI-generated content (e.g., from ChatGPT, Claude, or Gemini) into natural, undetectable human-like writing. It rewrites text by varying sentence structure, word choice, rhythm, perplexity, and burstiness to bypass popular AI detectors.",12/30/2025
Typdream,https://typedream.com,A no-code website and landing page builder with AI features.,12/30/2025
usemotion,https://www.usemotion.com,An AI-powered calendar and scheduling tool that automates meeting booking.,12/30/2025
v0.app,https://v0.dev,An AI-powered UI generator for React components from text prompts (by Vercel).,12/30/2025
vast,https://vast.ai,A cloud GPU rental marketplace for AI training and inference.,12/30/2025
Veo,https://deepmind.google/technologies/veo/,Google DeepMind's advanced video generation model.,12/30/2025
vid,https://vid.ai,An AI-powered video creation and editing platform.,12/30/2025
vim,https://www.vim.org,"A highly configurable text editor (classic tool, not primarily AI).",12/30/2025
wonderin,https://wonderin.ai,An AI platform for resume building and job search.,12/30/2025
Wonsulting,https://www.wonsulting.com,A career coaching platform with AI tools for job seekers.,12/30/2025
youlearn,https://youlearn.ai,An AI-powered personalized learning platform.,12/30/2025
Zapier,https://zapier.com,A no-code automation platform with extensive AI integrations.,12/30/2025
Zencoder,https://zencoder.com,A cloud-based video and audio encoding platform (integrated into Brightcove).,12/30/2025
